case,run_id,seed,generation,unique_evaluations_cumulative,open_switches,losses_kw,saidi
ieee33,ieee33_seed_1234,1234,1,200,"7,10,27,35,36",153.62984404559143,3.0525757493437493
ieee33,ieee33_seed_1234,1234,1,200,"7,10,14,26,31",147.65729234045017,3.1199728141874994
ieee33,ieee33_seed_1234,1234,1,200,"6,11,14,26,32",154.58348403796103,3.01567004625
ieee33,ieee33_seed_1234,1234,2,296,"7,10,14,26,31",147.65729234045017,3.1199728141874994
ieee33,ieee33_seed_1234,1234,2,296,"6,11,14,26,32",154.58348403796103,3.01567004625
ieee33,ieee33_seed_1234,1234,2,296,"7,10,14,25,36",149.15791166865984,3.0250591545937495
ieee33,ieee33_seed_1234,1234,2,296,"9,27,32,33,34",144.19443323227145,3.16970719996875
ieee33,ieee33_seed_1234,1234,3,392,"6,10,14,26,32",153.48153877625842,3.0120445489687495
ieee33,ieee33_seed_1234,1234,3,392,"7,11,13,28,32",143.30968240796247,3.01567004625
ieee33,ieee33_seed_1234,1234,4,478,"6,10,14,26,32",153.48153877625842,3.0120445489687495
ieee33,ieee33_seed_1234,1234,4,478,"7,11,13,28,32",143.30968240796247,3.01567004625
ieee33,ieee33_seed_1234,1234,5,567,"6,10,14,26,32",153.48153877625842,3.0120445489687495
ieee33,ieee33_seed_1234,1234,5,567,"7,11,13,28,32",143.30968240796247,3.01567004625
ieee33,ieee33_seed_1234,1234,6,659,"7,11,13,28,32",143.30968240796247,3.01567004625
ieee33,ieee33_seed_1234,1234,6,659,"7,10,14,31,37",141.2511858295152,3.34893691171875
ieee33,ieee33_seed_1234,1234,6,659,"7,10,13,27,36",145.2510014456555,2.99902994334375
ieee33,ieee33_seed_1234,1234,7,748,"7,11,13,28,32",143.30968240796247,3.01567004625
ieee33,ieee33_seed_1234,1234,7,748,"7,10,14,31,37",141.2511858295152,3.34893691171875
ieee33,ieee33_seed_1234,1234,7,748,"7,10,13,27,36",145.2510014456555,2.99902994334375
ieee33,ieee33_seed_1234,1234,8,831,"7,11,13,28,32",143.30968240796247,3.01567004625
ieee33,ieee33_seed_1234,1234,8,831,"7,10,14,31,37",141.2511858295152,3.34893691171875
ieee33,ieee33_seed_1234,1234,8,831,"7,10,13,27,36",145.2510014456555,2.99902994334375
ieee33,ieee33_seed_1234,1234,8,831,"7,11,14,32,37",138.79478955741902,3.3525624089999995
ieee33,ieee33_seed_1234,1234,8,831,"7,10,14,28,31",142.4026566022894,3.1199728141874994
ieee33,ieee33_seed_1234,1234,9,912,"7,10,13,27,36",145.2510014456555,2.99902994334375
ieee33,ieee33_seed_1234,1234,9,912,"7,11,14,32,37",138.79478955741902,3.3525624089999995
ieee33,ieee33_seed_1234,1234,9,912,"7,9,14,27,32",140.44874600872205,3.0120445489687495
ieee33,ieee33_seed_1234,1234,10,997,"7,11,14,32,37",138.79478955741902,3.3525624089999995
ieee33,ieee33_seed_1234,1234,10,997,"7,9,14,27,32",140.44874600872205,3.0120445489687495
ieee33,ieee33_seed_1234,1234,10,997,"7,11,28,32,34",140.23872014659793,3.0924562194374996
ieee33,ieee33_seed_1234,1234,10,997,"7,10,14,27,36",142.0958063322025,2.99902994334375
ieee33,ieee33_seed_1234,1234,11,1068,"7,9,14,27,32",140.44874600872205,3.0120445489687495
ieee33,ieee33_seed_1234,1234,11,1068,"7,10,14,27,36",142.0958063322025,2.99902994334375
ieee33,ieee33_seed_1234,1234,11,1068,"7,9,14,28,32",137.63400755669326,3.01855185178125
ieee33,ieee33_seed_1234,1234,12,1148,"7,10,14,27,36",142.0958063322025,2.99902994334375
ieee33,ieee33_seed_1234,1234,12,1148,"7,9,14,28,32",137.63400755669326,3.01855185178125
ieee33,ieee33_seed_1234,1234,12,1148,"7,11,14,28,36",139.88091165861837,3.0091627434374995
ieee33,ieee33_seed_1234,1234,13,1220,"7,10,14,27,36",142.0958063322025,2.99902994334375
ieee33,ieee33_seed_1234,1234,13,1220,"7,9,14,28,32",137.63400755669326,3.01855185178125
ieee33,ieee33_seed_1234,1234,13,1220,"7,11,14,28,36",139.88091165861837,3.0091627434374995
ieee33,ieee33_seed_1234,1234,13,1220,"7,9,14,27,36",141.5813320709134,3.0055372461562495
ieee33,ieee33_seed_1234,1234,14,1291,"7,10,14,27,36",142.0958063322025,2.99902994334375
ieee33,ieee33_seed_1234,1234,14,1291,"7,9,14,28,32",137.63400755669326,3.01855185178125
ieee33,ieee33_seed_1234,1234,14,1291,"7,11,14,28,36",139.88091165861837,3.0091627434374995
ieee33,ieee33_seed_1234,1234,14,1291,"7,9,14,27,36",141.5813320709134,3.0055372461562495
ieee33,ieee33_seed_1234,1234,15,1362,"7,10,14,27,36",142.0958063322025,2.99902994334375
ieee33,ieee33_seed_1234,1234,15,1362,"7,9,14,28,32",137.63400755669326,3.01855185178125
ieee33,ieee33_seed_1234,1234,15,1362,"7,11,14,28,36",139.88091165861837,3.0091627434374995
ieee33,ieee33_seed_1234,1234,15,1362,"7,9,14,27,36",141.5813320709134,3.0055372461562495
ieee33,ieee33_seed_1234,1234,15,1362,"7,10,14,27,32",141.08221759042345,3.00553724615625
ieee33,ieee33_seed_1234,1234,16,1431,"7,10,14,27,36",142.0958063322025,2.99902994334375
ieee33,ieee33_seed_1234,1234,16,1431,"7,9,14,28,32",137.63400755669326,3.01855185178125
ieee33,ieee33_seed_1234,1234,16,1431,"7,11,14,28,36",139.88091165861837,3.0091627434374995
ieee33,ieee33_seed_1234,1234,16,1431,"7,9,14,27,36",141.5813320709134,3.0055372461562495
ieee33,ieee33_seed_1234,1234,16,1431,"7,10,14,27,32",141.08221759042345,3.00553724615625
ieee33,ieee33_seed_1234,1234,17,1492,"7,10,14,27,36",142.0958063322025,2.99902994334375
ieee33,ieee33_seed_1234,1234,17,1492,"7,9,14,28,32",137.63400755669326,3.01855185178125
ieee33,ieee33_seed_1234,1234,17,1492,"7,11,14,28,36",139.88091165861837,3.0091627434374995
ieee33,ieee33_seed_1234,1234,17,1492,"7,9,14,27,36",141.5813320709134,3.0055372461562495
ieee33,ieee33_seed_1234,1234,17,1492,"7,10,14,27,32",141.08221759042345,3.00553724615625
ieee33,ieee33_seed_1234,1234,18,1555,"7,10,14,27,36",142.0958063322025,2.99902994334375
ieee33,ieee33_seed_1234,1234,18,1555,"7,9,14,28,32",137.63400755669326,3.01855185178125
ieee33,ieee33_seed_1234,1234,18,1555,"7,11,14,28,36",139.88091165861837,3.0091627434374995
ieee33,ieee33_seed_1234,1234,18,1555,"7,9,14,27,36",141.5813320709134,3.0055372461562495
ieee33,ieee33_seed_1234,1234,18,1555,"7,10,14,27,32",141.08221759042345,3.00553724615625
ieee33,ieee33_seed_1234,1234,18,1555,"7,10,14,28,32",138.26747691143908,3.0120445489687495
ieee33,ieee33_seed_1234,1234,19,1614,"7,10,14,27,36",142.0958063322025,2.99902994334375
ieee33,ieee33_seed_1234,1234,19,1614,"7,9,14,28,32",137.63400755669326,3.01855185178125
ieee33,ieee33_seed_1234,1234,19,1614,"7,11,14,28,36",139.88091165861837,3.0091627434374995
ieee33,ieee33_seed_1234,1234,19,1614,"7,9,14,27,36",141.5813320709134,3.0055372461562495
ieee33,ieee33_seed_1234,1234,19,1614,"7,10,14,27,32",141.08221759042345,3.00553724615625
ieee33,ieee33_seed_1234,1234,19,1614,"7,10,14,28,32",138.26747691143908,3.0120445489687495
ieee33,ieee33_seed_1234,1234,20,1678,"7,10,14,27,36",142.0958063322025,2.99902994334375
ieee33,ieee33_seed_1234,1234,20,1678,"7,9,14,28,32",137.63400755669326,3.01855185178125
ieee33,ieee33_seed_1234,1234,20,1678,"7,11,14,28,36",139.88091165861837,3.0091627434374995
ieee33,ieee33_seed_1234,1234,20,1678,"7,9,14,27,36",141.5813320709134,3.0055372461562495
ieee33,ieee33_seed_1234,1234,20,1678,"7,10,14,27,32",141.08221759042345,3.00553724615625
ieee33,ieee33_seed_1234,1234,20,1678,"7,10,14,28,32",138.26747691143908,3.0120445489687495
ieee33,ieee33_seed_1234,1234,20,1678,"7,9,14,32,37",137.3403817568125,3.3554442145312495
ieee33,ieee33_seed_1234,1234,21,1737,"7,10,14,27,36",142.0958063322025,2.99902994334375
ieee33,ieee33_seed_1234,1234,21,1737,"7,9,14,28,32",137.63400755669326,3.01855185178125
ieee33,ieee33_seed_1234,1234,21,1737,"7,11,14,28,36",139.88091165861837,3.0091627434374995
ieee33,ieee33_seed_1234,1234,21,1737,"7,9,14,27,36",141.5813320709134,3.0055372461562495
ieee33,ieee33_seed_1234,1234,21,1737,"7,10,14,27,32",141.08221759042345,3.00553724615625
ieee33,ieee33_seed_1234,1234,21,1737,"7,10,14,28,32",138.26747691143908,3.0120445489687495
ieee33,ieee33_seed_1234,1234,21,1737,"7,9,14,32,37",137.3403817568125,3.3554442145312495
ieee33,ieee33_seed_1234,1234,22,1787,"7,10,14,27,36",142.0958063322025,2.99902994334375
ieee33,ieee33_seed_1234,1234,22,1787,"7,9,14,28,32",137.63400755669326,3.01855185178125
ieee33,ieee33_seed_1234,1234,22,1787,"7,11,14,28,36",139.88091165861837,3.0091627434374995
ieee33,ieee33_seed_1234,1234,22,1787,"7,9,14,27,36",141.5813320709134,3.0055372461562495
ieee33,ieee33_seed_1234,1234,22,1787,"7,10,14,27,32",141.08221759042345,3.00553724615625
ieee33,ieee33_seed_1234,1234,22,1787,"7,10,14,28,32",138.26747691143908,3.0120445489687495
ieee33,ieee33_seed_1234,1234,22,1787,"7,9,14,32,37",137.3403817568125,3.3554442145312495
ieee33,ieee33_seed_1234,1234,23,1838,"7,10,14,27,36",142.0958063322025,2.99902994334375
ieee33,ieee33_seed_1234,1234,23,1838,"7,9,14,28,32",137.63400755669326,3.01855185178125
ieee33,ieee33_seed_1234,1234,23,1838,"7,11,14,28,36",139.88091165861837,3.0091627434374995
ieee33,ieee33_seed_1234,1234,23,1838,"7,9,14,27,36",141.5813320709134,3.0055372461562495
ieee33,ieee33_seed_1234,1234,23,1838,"7,10,14,27,32",141.08221759042345,3.00553724615625
ieee33,ieee33_seed_1234,1234,23,1838,"7,10,14,28,32",138.26747691143908,3.0120445489687495
ieee33,ieee33_seed_1234,1234,23,1838,"7,9,14,32,37",137.3403817568125,3.3554442145312495
ieee33,ieee33_seed_1234,1234,24,1884,"7,10,14,27,36",142.0958063322025,2.99902994334375
ieee33,ieee33_seed_1234,1234,24,1884,"7,9,14,28,32",137.63400755669326,3.01855185178125
ieee33,ieee33_seed_1234,1234,24,1884,"7,10,14,28,32",138.26747691143908,3.0120445489687495
ieee33,ieee33_seed_1234,1234,24,1884,"7,9,14,32,37",137.3403817568125,3.3554442145312495
ieee33,ieee33_seed_1234,1234,24,1884,"7,10,14,28,36",139.15707296498272,3.0055372461562495
ieee33,ieee33_seed_1234,1234,25,1933,"7,10,14,27,36",142.0958063322025,2.99902994334375
ieee33,ieee33_seed_1234,1234,25,1933,"7,9,14,28,32",137.63400755669326,3.01855185178125
ieee33,ieee33_seed_1234,1234,25,1933,"7,10,14,28,32",138.26747691143908,3.0120445489687495
ieee33,ieee33_seed_1234,1234,25,1933,"7,9,14,32,37",137.3403817568125,3.3554442145312495
ieee33,ieee33_seed_1234,1234,25,1933,"7,10,14,28,36",139.15707296498272,3.0055372461562495
ieee33,ieee33_seed_1234,1234,26,1985,"7,10,14,27,36",142.0958063322025,2.99902994334375
ieee33,ieee33_seed_1234,1234,26,1985,"7,9,14,28,32",137.63400755669326,3.01855185178125
ieee33,ieee33_seed_1234,1234,26,1985,"7,10,14,28,32",138.26747691143908,3.0120445489687495
ieee33,ieee33_seed_1234,1234,26,1985,"7,9,14,32,37",137.3403817568125,3.3554442145312495
ieee33,ieee33_seed_1234,1234,26,1985,"7,10,14,28,36",139.15707296498272,3.0055372461562495
ieee33,ieee33_seed_1234,1234,27,2028,"7,10,14,27,36",142.0958063322025,2.99902994334375
ieee33,ieee33_seed_1234,1234,27,2028,"7,9,14,28,32",137.63400755669326,3.01855185178125
ieee33,ieee33_seed_1234,1234,27,2028,"7,10,14,28,32",138.26747691143908,3.0120445489687495
ieee33,ieee33_seed_1234,1234,27,2028,"7,9,14,32,37",137.3403817568125,3.3554442145312495
ieee33,ieee33_seed_1234,1234,27,2028,"7,10,14,28,36",139.15707296498272,3.0055372461562495
ieee33,ieee33_seed_1234,1234,28,2075,"7,10,14,27,36",142.0958063322025,2.99902994334375
ieee33,ieee33_seed_1234,1234,28,2075,"7,9,14,28,32",137.63400755669326,3.01855185178125
ieee33,ieee33_seed_1234,1234,28,2075,"7,10,14,28,32",138.26747691143908,3.0120445489687495
ieee33,ieee33_seed_1234,1234,28,2075,"7,9,14,32,37",137.3403817568125,3.3554442145312495
ieee33,ieee33_seed_1234,1234,28,2075,"7,10,14,28,36",139.15707296498272,3.0055372461562495
ieee33,ieee33_seed_1234,1234,29,2114,"7,10,14,27,36",142.0958063322025,2.99902994334375
ieee33,ieee33_seed_1234,1234,29,2114,"7,9,14,28,32",137.63400755669326,3.01855185178125
ieee33,ieee33_seed_1234,1234,29,2114,"7,10,14,28,32",138.26747691143908,3.0120445489687495
ieee33,ieee33_seed_1234,1234,29,2114,"7,9,14,32,37",137.3403817568125,3.3554442145312495
ieee33,ieee33_seed_1234,1234,29,2114,"7,10,14,28,36",139.15707296498272,3.0055372461562495
ieee33,ieee33_seed_1234,1234,30,2148,"7,10,14,27,36",142.0958063322025,2.99902994334375
ieee33,ieee33_seed_1234,1234,30,2148,"7,9,14,28,32",137.63400755669326,3.01855185178125
ieee33,ieee33_seed_1234,1234,30,2148,"7,10,14,28,32",138.26747691143908,3.0120445489687495
ieee33,ieee33_seed_1234,1234,30,2148,"7,9,14,32,37",137.3403817568125,3.3554442145312495
ieee33,ieee33_seed_1234,1234,30,2148,"7,10,14,28,36",139.15707296498272,3.0055372461562495
ieee33,ieee33_seed_1234,1234,31,2186,"7,10,14,27,36",142.0958063322025,2.99902994334375
ieee33,ieee33_seed_1234,1234,31,2186,"7,9,14,28,32",137.63400755669326,3.01855185178125
ieee33,ieee33_seed_1234,1234,31,2186,"7,10,14,28,32",138.26747691143908,3.0120445489687495
ieee33,ieee33_seed_1234,1234,31,2186,"7,9,14,32,37",137.3403817568125,3.3554442145312495
ieee33,ieee33_seed_1234,1234,31,2186,"7,10,14,28,36",139.15707296498272,3.0055372461562495
ieee33,ieee33_seed_1234,1234,32,2230,"7,10,14,27,36",142.0958063322025,2.99902994334375
ieee33,ieee33_seed_1234,1234,32,2230,"7,9,14,28,32",137.63400755669326,3.01855185178125
ieee33,ieee33_seed_1234,1234,32,2230,"7,10,14,28,32",138.26747691143908,3.0120445489687495
ieee33,ieee33_seed_1234,1234,32,2230,"7,9,14,32,37",137.3403817568125,3.3554442145312495
ieee33,ieee33_seed_1234,1234,32,2230,"7,10,14,28,36",139.15707296498272,3.0055372461562495
ieee33,ieee33_seed_1234,1234,33,2260,"7,10,14,27,36",142.0958063322025,2.99902994334375
ieee33,ieee33_seed_1234,1234,33,2260,"7,9,14,28,32",137.63400755669326,3.01855185178125
ieee33,ieee33_seed_1234,1234,33,2260,"7,10,14,28,32",138.26747691143908,3.0120445489687495
ieee33,ieee33_seed_1234,1234,33,2260,"7,9,14,32,37",137.3403817568125,3.3554442145312495
ieee33,ieee33_seed_1234,1234,33,2260,"7,10,14,28,36",139.15707296498272,3.0055372461562495
ieee33,ieee33_seed_1234,1234,34,2292,"7,10,14,27,36",142.0958063322025,2.99902994334375
ieee33,ieee33_seed_1234,1234,34,2292,"7,9,14,28,32",137.63400755669326,3.01855185178125
ieee33,ieee33_seed_1234,1234,34,2292,"7,10,14,28,32",138.26747691143908,3.0120445489687495
ieee33,ieee33_seed_1234,1234,34,2292,"7,9,14,32,37",137.3403817568125,3.3554442145312495
ieee33,ieee33_seed_1234,1234,34,2292,"7,10,14,28,36",139.15707296498272,3.0055372461562495
ieee33,ieee33_seed_1234,1234,35,2319,"7,10,14,27,36",142.0958063322025,2.99902994334375
ieee33,ieee33_seed_1234,1234,35,2319,"7,9,14,28,32",137.63400755669326,3.01855185178125
ieee33,ieee33_seed_1234,1234,35,2319,"7,10,14,28,32",138.26747691143908,3.0120445489687495
ieee33,ieee33_seed_1234,1234,35,2319,"7,9,14,32,37",137.3403817568125,3.3554442145312495
ieee33,ieee33_seed_1234,1234,35,2319,"7,10,14,28,36",139.15707296498272,3.0055372461562495
ieee33,ieee33_seed_1234,1234,36,2349,"7,10,14,27,36",142.0958063322025,2.99902994334375
ieee33,ieee33_seed_1234,1234,36,2349,"7,9,14,28,32",137.63400755669326,3.01855185178125
ieee33,ieee33_seed_1234,1234,36,2349,"7,10,14,28,32",138.26747691143908,3.0120445489687495
ieee33,ieee33_seed_1234,1234,36,2349,"7,9,14,32,37",137.3403817568125,3.3554442145312495
ieee33,ieee33_seed_1234,1234,36,2349,"7,10,14,28,36",139.15707296498272,3.0055372461562495
ieee33,ieee33_seed_1234,1234,37,2384,"7,10,14,27,36",142.0958063322025,2.99902994334375
ieee33,ieee33_seed_1234,1234,37,2384,"7,9,14,28,32",137.63400755669326,3.01855185178125
ieee33,ieee33_seed_1234,1234,37,2384,"7,10,14,28,32",138.26747691143908,3.0120445489687495
ieee33,ieee33_seed_1234,1234,37,2384,"7,9,14,32,37",137.3403817568125,3.3554442145312495
ieee33,ieee33_seed_1234,1234,37,2384,"7,10,14,28,36",139.15707296498272,3.0055372461562495
ieee33,ieee33_seed_1234,1234,38,2413,"7,10,14,27,36",142.0958063322025,2.99902994334375
ieee33,ieee33_seed_1234,1234,38,2413,"7,9,14,28,32",137.63400755669326,3.01855185178125
ieee33,ieee33_seed_1234,1234,38,2413,"7,10,14,28,32",138.26747691143908,3.0120445489687495
ieee33,ieee33_seed_1234,1234,38,2413,"7,9,14,32,37",137.3403817568125,3.3554442145312495
ieee33,ieee33_seed_1234,1234,38,2413,"7,10,14,28,36",139.15707296498272,3.0055372461562495
ieee33,ieee33_seed_1234,1234,39,2439,"7,10,14,27,36",142.0958063322025,2.99902994334375
ieee33,ieee33_seed_1234,1234,39,2439,"7,9,14,28,32",137.63400755669326,3.01855185178125
ieee33,ieee33_seed_1234,1234,39,2439,"7,10,14,28,32",138.26747691143908,3.0120445489687495
ieee33,ieee33_seed_1234,1234,39,2439,"7,9,14,32,37",137.3403817568125,3.3554442145312495
ieee33,ieee33_seed_1234,1234,39,2439,"7,10,14,28,36",139.15707296498272,3.0055372461562495
ieee33,ieee33_seed_1234,1234,40,2467,"7,10,14,27,36",142.0958063322025,2.99902994334375
ieee33,ieee33_seed_1234,1234,40,2467,"7,9,14,28,32",137.63400755669326,3.01855185178125
ieee33,ieee33_seed_1234,1234,40,2467,"7,10,14,28,32",138.26747691143908,3.0120445489687495
ieee33,ieee33_seed_1234,1234,40,2467,"7,9,14,32,37",137.3403817568125,3.3554442145312495
ieee33,ieee33_seed_1234,1234,40,2467,"7,10,14,28,36",139.15707296498272,3.0055372461562495
ieee33,ieee33_seed_1234,1234,41,2499,"7,10,14,27,36",142.0958063322025,2.99902994334375
ieee33,ieee33_seed_1234,1234,41,2499,"7,9,14,28,32",137.63400755669326,3.01855185178125
ieee33,ieee33_seed_1234,1234,41,2499,"7,10,14,28,32",138.26747691143908,3.0120445489687495
ieee33,ieee33_seed_1234,1234,41,2499,"7,9,14,32,37",137.3403817568125,3.3554442145312495
ieee33,ieee33_seed_1234,1234,41,2499,"7,10,14,28,36",139.15707296498272,3.0055372461562495
ieee33,ieee33_seed_1234,1234,42,2530,"7,10,14,27,36",142.0958063322025,2.99902994334375
ieee33,ieee33_seed_1234,1234,42,2530,"7,9,14,28,32",137.63400755669326,3.01855185178125
ieee33,ieee33_seed_1234,1234,42,2530,"7,10,14,28,32",138.26747691143908,3.0120445489687495
ieee33,ieee33_seed_1234,1234,42,2530,"7,9,14,32,37",137.3403817568125,3.3554442145312495
ieee33,ieee33_seed_1234,1234,42,2530,"7,10,14,28,36",139.15707296498272,3.0055372461562495
ieee33,ieee33_seed_1234,1234,43,2554,"7,10,14,27,36",142.0958063322025,2.99902994334375
ieee33,ieee33_seed_1234,1234,43,2554,"7,9,14,28,32",137.63400755669326,3.01855185178125
ieee33,ieee33_seed_1234,1234,43,2554,"7,10,14,28,32",138.26747691143908,3.0120445489687495
ieee33,ieee33_seed_1234,1234,43,2554,"7,9,14,32,37",137.3403817568125,3.3554442145312495
ieee33,ieee33_seed_1234,1234,43,2554,"7,10,14,28,36",139.15707296498272,3.0055372461562495
ieee33,ieee33_seed_1234,1234,44,2580,"7,10,14,27,36",142.0958063322025,2.99902994334375
ieee33,ieee33_seed_1234,1234,44,2580,"7,9,14,28,32",137.63400755669326,3.01855185178125
ieee33,ieee33_seed_1234,1234,44,2580,"7,10,14,28,32",138.26747691143908,3.0120445489687495
ieee33,ieee33_seed_1234,1234,44,2580,"7,9,14,32,37",137.3403817568125,3.3554442145312495
ieee33,ieee33_seed_1234,1234,44,2580,"7,10,14,28,36",139.15707296498272,3.0055372461562495
ieee33,ieee33_seed_1234,1234,45,2613,"7,10,14,27,36",142.0958063322025,2.99902994334375
ieee33,ieee33_seed_1234,1234,45,2613,"7,9,14,28,32",137.63400755669326,3.01855185178125
ieee33,ieee33_seed_1234,1234,45,2613,"7,10,14,28,32",138.26747691143908,3.0120445489687495
ieee33,ieee33_seed_1234,1234,45,2613,"7,9,14,32,37",137.3403817568125,3.3554442145312495
ieee33,ieee33_seed_1234,1234,45,2613,"7,10,14,28,36",139.15707296498272,3.0055372461562495
ieee33,ieee33_seed_1234,1234,46,2639,"7,10,14,27,36",142.0958063322025,2.99902994334375
ieee33,ieee33_seed_1234,1234,46,2639,"7,9,14,28,32",137.63400755669326,3.01855185178125
ieee33,ieee33_seed_1234,1234,46,2639,"7,10,14,28,32",138.26747691143908,3.0120445489687495
ieee33,ieee33_seed_1234,1234,46,2639,"7,9,14,32,37",137.3403817568125,3.3554442145312495
ieee33,ieee33_seed_1234,1234,46,2639,"7,10,14,28,36",139.15707296498272,3.0055372461562495
ieee33,ieee33_seed_1234,1234,47,2664,"7,10,14,27,36",142.0958063322025,2.99902994334375
ieee33,ieee33_seed_1234,1234,47,2664,"7,9,14,28,32",137.63400755669326,3.01855185178125
ieee33,ieee33_seed_1234,1234,47,2664,"7,10,14,28,32",138.26747691143908,3.0120445489687495
ieee33,ieee33_seed_1234,1234,47,2664,"7,9,14,32,37",137.3403817568125,3.3554442145312495
ieee33,ieee33_seed_1234,1234,47,2664,"7,10,14,28,36",139.15707296498272,3.0055372461562495
ieee33,ieee33_seed_1234,1234,48,2682,"7,10,14,27,36",142.0958063322025,2.99902994334375
ieee33,ieee33_seed_1234,1234,48,2682,"7,9,14,28,32",137.63400755669326,3.01855185178125
ieee33,ieee33_seed_1234,1234,48,2682,"7,10,14,28,32",138.26747691143908,3.0120445489687495
ieee33,ieee33_seed_1234,1234,48,2682,"7,9,14,32,37",137.3403817568125,3.3554442145312495
ieee33,ieee33_seed_1234,1234,48,2682,"7,10,14,28,36",139.15707296498272,3.0055372461562495
ieee33,ieee33_seed_1234,1234,49,2702,"7,10,14,27,36",142.0958063322025,2.99902994334375
ieee33,ieee33_seed_1234,1234,49,2702,"7,9,14,28,32",137.63400755669326,3.01855185178125
ieee33,ieee33_seed_1234,1234,49,2702,"7,10,14,28,32",138.26747691143908,3.0120445489687495
ieee33,ieee33_seed_1234,1234,49,2702,"7,9,14,32,37",137.3403817568125,3.3554442145312495
ieee33,ieee33_seed_1234,1234,49,2702,"7,10,14,28,36",139.15707296498272,3.0055372461562495
ieee33,ieee33_seed_1234,1234,50,2716,"7,10,14,27,36",142.0958063322025,2.99902994334375
ieee33,ieee33_seed_1234,1234,50,2716,"7,9,14,28,32",137.63400755669326,3.01855185178125
ieee33,ieee33_seed_1234,1234,50,2716,"7,10,14,28,32",138.26747691143908,3.0120445489687495
ieee33,ieee33_seed_1234,1234,50,2716,"7,9,14,32,37",137.3403817568125,3.3554442145312495
ieee33,ieee33_seed_1234,1234,50,2716,"7,10,14,28,36",139.15707296498272,3.0055372461562495
ieee33,ieee33_seed_1234,1234,51,2743,"7,10,14,27,36",142.0958063322025,2.99902994334375
ieee33,ieee33_seed_1234,1234,51,2743,"7,9,14,28,32",137.63400755669326,3.01855185178125
ieee33,ieee33_seed_1234,1234,51,2743,"7,10,14,28,32",138.26747691143908,3.0120445489687495
ieee33,ieee33_seed_1234,1234,51,2743,"7,9,14,32,37",137.3403817568125,3.3554442145312495
ieee33,ieee33_seed_1234,1234,51,2743,"7,10,14,28,36",139.15707296498272,3.0055372461562495
ieee33,ieee33_seed_1234,1234,52,2768,"7,10,14,27,36",142.0958063322025,2.99902994334375
ieee33,ieee33_seed_1234,1234,52,2768,"7,9,14,28,32",137.63400755669326,3.01855185178125
ieee33,ieee33_seed_1234,1234,52,2768,"7,10,14,28,32",138.26747691143908,3.0120445489687495
ieee33,ieee33_seed_1234,1234,52,2768,"7,9,14,32,37",137.3403817568125,3.3554442145312495
ieee33,ieee33_seed_1234,1234,52,2768,"7,10,14,28,36",139.15707296498272,3.0055372461562495
ieee33,ieee33_seed_1234,1234,53,2798,"7,10,14,27,36",142.0958063322025,2.99902994334375
ieee33,ieee33_seed_1234,1234,53,2798,"7,9,14,28,32",137.63400755669326,3.01855185178125
ieee33,ieee33_seed_1234,1234,53,2798,"7,10,14,28,32",138.26747691143908,3.0120445489687495
ieee33,ieee33_seed_1234,1234,53,2798,"7,9,14,32,37",137.3403817568125,3.3554442145312495
ieee33,ieee33_seed_1234,1234,53,2798,"7,10,14,28,36",139.15707296498272,3.0055372461562495
ieee33,ieee33_seed_1234,1234,54,2811,"7,10,14,27,36",142.0958063322025,2.99902994334375
ieee33,ieee33_seed_1234,1234,54,2811,"7,9,14,28,32",137.63400755669326,3.01855185178125
ieee33,ieee33_seed_1234,1234,54,2811,"7,10,14,28,32",138.26747691143908,3.0120445489687495
ieee33,ieee33_seed_1234,1234,54,2811,"7,9,14,32,37",137.3403817568125,3.3554442145312495
ieee33,ieee33_seed_1234,1234,54,2811,"7,10,14,28,36",139.15707296498272,3.0055372461562495
ieee33,ieee33_seed_1234,1234,55,2830,"7,10,14,27,36",142.0958063322025,2.99902994334375
ieee33,ieee33_seed_1234,1234,55,2830,"7,9,14,28,32",137.63400755669326,3.01855185178125
ieee33,ieee33_seed_1234,1234,55,2830,"7,10,14,28,32",138.26747691143908,3.0120445489687495
ieee33,ieee33_seed_1234,1234,55,2830,"7,9,14,32,37",137.3403817568125,3.3554442145312495
ieee33,ieee33_seed_1234,1234,55,2830,"7,10,14,28,36",139.15707296498272,3.0055372461562495
ieee33,ieee33_seed_1234,1234,56,2843,"7,10,14,27,36",142.0958063322025,2.99902994334375
ieee33,ieee33_seed_1234,1234,56,2843,"7,9,14,28,32",137.63400755669326,3.01855185178125
ieee33,ieee33_seed_1234,1234,56,2843,"7,10,14,28,32",138.26747691143908,3.0120445489687495
ieee33,ieee33_seed_1234,1234,56,2843,"7,9,14,32,37",137.3403817568125,3.3554442145312495
ieee33,ieee33_seed_1234,1234,56,2843,"7,10,14,28,36",139.15707296498272,3.0055372461562495
ieee33,ieee33_seed_1234,1234,57,2856,"7,10,14,27,36",142.0958063322025,2.99902994334375
ieee33,ieee33_seed_1234,1234,57,2856,"7,9,14,28,32",137.63400755669326,3.01855185178125
ieee33,ieee33_seed_1234,1234,57,2856,"7,10,14,28,32",138.26747691143908,3.0120445489687495
ieee33,ieee33_seed_1234,1234,57,2856,"7,9,14,32,37",137.3403817568125,3.3554442145312495
ieee33,ieee33_seed_1234,1234,57,2856,"7,10,14,28,36",139.15707296498272,3.0055372461562495
ieee33,ieee33_seed_1234,1234,58,2871,"7,10,14,27,36",142.0958063322025,2.99902994334375
ieee33,ieee33_seed_1234,1234,58,2871,"7,9,14,28,32",137.63400755669326,3.01855185178125
ieee33,ieee33_seed_1234,1234,58,2871,"7,10,14,28,32",138.26747691143908,3.0120445489687495
ieee33,ieee33_seed_1234,1234,58,2871,"7,9,14,32,37",137.3403817568125,3.3554442145312495
ieee33,ieee33_seed_1234,1234,58,2871,"7,10,14,28,36",139.15707296498272,3.0055372461562495
ieee33,ieee33_seed_1234,1234,59,2888,"7,10,14,27,36",142.0958063322025,2.99902994334375
ieee33,ieee33_seed_1234,1234,59,2888,"7,9,14,28,32",137.63400755669326,3.01855185178125
ieee33,ieee33_seed_1234,1234,59,2888,"7,10,14,28,32",138.26747691143908,3.0120445489687495
ieee33,ieee33_seed_1234,1234,59,2888,"7,9,14,32,37",137.3403817568125,3.3554442145312495
ieee33,ieee33_seed_1234,1234,59,2888,"7,10,14,28,36",139.15707296498272,3.0055372461562495
ieee33,ieee33_seed_1234,1234,60,2905,"7,10,14,27,36",142.0958063322025,2.99902994334375
ieee33,ieee33_seed_1234,1234,60,2905,"7,9,14,28,32",137.63400755669326,3.01855185178125
ieee33,ieee33_seed_1234,1234,60,2905,"7,10,14,28,32",138.26747691143908,3.0120445489687495
ieee33,ieee33_seed_1234,1234,60,2905,"7,9,14,32,37",137.3403817568125,3.3554442145312495
ieee33,ieee33_seed_1234,1234,60,2905,"7,10,14,28,36",139.15707296498272,3.0055372461562495
ieee33,ieee33_seed_1234,1234,61,2921,"7,10,14,27,36",142.0958063322025,2.99902994334375
ieee33,ieee33_seed_1234,1234,61,2921,"7,9,14,28,32",137.63400755669326,3.01855185178125
ieee33,ieee33_seed_1234,1234,61,2921,"7,10,14,28,32",138.26747691143908,3.0120445489687495
ieee33,ieee33_seed_1234,1234,61,2921,"7,9,14,32,37",137.3403817568125,3.3554442145312495
ieee33,ieee33_seed_1234,1234,61,2921,"7,10,14,28,36",139.15707296498272,3.0055372461562495
ieee33,ieee33_seed_1234,1234,62,2938,"7,10,14,27,36",142.0958063322025,2.99902994334375
ieee33,ieee33_seed_1234,1234,62,2938,"7,9,14,28,32",137.63400755669326,3.01855185178125
ieee33,ieee33_seed_1234,1234,62,2938,"7,10,14,28,32",138.26747691143908,3.0120445489687495
ieee33,ieee33_seed_1234,1234,62,2938,"7,9,14,32,37",137.3403817568125,3.3554442145312495
ieee33,ieee33_seed_1234,1234,62,2938,"7,10,14,28,36",139.15707296498272,3.0055372461562495
ieee33,ieee33_seed_1234,1234,63,2961,"7,10,14,27,36",142.0958063322025,2.99902994334375
ieee33,ieee33_seed_1234,1234,63,2961,"7,9,14,28,32",137.63400755669326,3.01855185178125
ieee33,ieee33_seed_1234,1234,63,2961,"7,10,14,28,32",138.26747691143908,3.0120445489687495
ieee33,ieee33_seed_1234,1234,63,2961,"7,9,14,32,37",137.3403817568125,3.3554442145312495
ieee33,ieee33_seed_1234,1234,63,2961,"7,10,14,28,36",139.15707296498272,3.0055372461562495
ieee33,ieee33_seed_1234,1234,64,2975,"7,10,14,27,36",142.0958063322025,2.99902994334375
ieee33,ieee33_seed_1234,1234,64,2975,"7,9,14,28,32",137.63400755669326,3.01855185178125
ieee33,ieee33_seed_1234,1234,64,2975,"7,10,14,28,32",138.26747691143908,3.0120445489687495
ieee33,ieee33_seed_1234,1234,64,2975,"7,9,14,32,37",137.3403817568125,3.3554442145312495
ieee33,ieee33_seed_1234,1234,64,2975,"7,10,14,28,36",139.15707296498272,3.0055372461562495
ieee33,ieee33_seed_1234,1234,65,2988,"7,10,14,27,36",142.0958063322025,2.99902994334375
ieee33,ieee33_seed_1234,1234,65,2988,"7,9,14,28,32",137.63400755669326,3.01855185178125
ieee33,ieee33_seed_1234,1234,65,2988,"7,10,14,28,32",138.26747691143908,3.0120445489687495
ieee33,ieee33_seed_1234,1234,65,2988,"7,9,14,32,37",137.3403817568125,3.3554442145312495
ieee33,ieee33_seed_1234,1234,65,2988,"7,10,14,28,36",139.15707296498272,3.0055372461562495
ieee33,ieee33_seed_1234,1234,66,3002,"7,10,14,27,36",142.0958063322025,2.99902994334375
ieee33,ieee33_seed_1234,1234,66,3002,"7,9,14,28,32",137.63400755669326,3.01855185178125
ieee33,ieee33_seed_1234,1234,66,3002,"7,10,14,28,32",138.26747691143908,3.0120445489687495
ieee33,ieee33_seed_1234,1234,66,3002,"7,9,14,32,37",137.3403817568125,3.3554442145312495
ieee33,ieee33_seed_1234,1234,66,3002,"7,10,14,28,36",139.15707296498272,3.0055372461562495
ieee33,ieee33_seed_1234,1234,67,3014,"7,10,14,27,36",142.0958063322025,2.99902994334375
ieee33,ieee33_seed_1234,1234,67,3014,"7,9,14,28,32",137.63400755669326,3.01855185178125
ieee33,ieee33_seed_1234,1234,67,3014,"7,10,14,28,32",138.26747691143908,3.0120445489687495
ieee33,ieee33_seed_1234,1234,67,3014,"7,9,14,32,37",137.3403817568125,3.3554442145312495
ieee33,ieee33_seed_1234,1234,67,3014,"7,10,14,28,36",139.15707296498272,3.0055372461562495
ieee33,ieee33_seed_1234,1234,68,3022,"7,10,14,27,36",142.0958063322025,2.99902994334375
ieee33,ieee33_seed_1234,1234,68,3022,"7,9,14,28,32",137.63400755669326,3.01855185178125
ieee33,ieee33_seed_1234,1234,68,3022,"7,10,14,28,32",138.26747691143908,3.0120445489687495
ieee33,ieee33_seed_1234,1234,68,3022,"7,9,14,32,37",137.3403817568125,3.3554442145312495
ieee33,ieee33_seed_1234,1234,68,3022,"7,10,14,28,36",139.15707296498272,3.0055372461562495
ieee33,ieee33_seed_1234,1234,69,3032,"7,10,14,27,36",142.0958063322025,2.99902994334375
ieee33,ieee33_seed_1234,1234,69,3032,"7,9,14,28,32",137.63400755669326,3.01855185178125
ieee33,ieee33_seed_1234,1234,69,3032,"7,10,14,28,32",138.26747691143908,3.0120445489687495
ieee33,ieee33_seed_1234,1234,69,3032,"7,9,14,32,37",137.3403817568125,3.3554442145312495
ieee33,ieee33_seed_1234,1234,69,3032,"7,10,14,28,36",139.15707296498272,3.0055372461562495
ieee33,ieee33_seed_1234,1234,70,3047,"7,10,14,27,36",142.0958063322025,2.99902994334375
ieee33,ieee33_seed_1234,1234,70,3047,"7,9,14,28,32",137.63400755669326,3.01855185178125
ieee33,ieee33_seed_1234,1234,70,3047,"7,10,14,28,32",138.26747691143908,3.0120445489687495
ieee33,ieee33_seed_1234,1234,70,3047,"7,9,14,32,37",137.3403817568125,3.3554442145312495
ieee33,ieee33_seed_1234,1234,70,3047,"7,10,14,28,36",139.15707296498272,3.0055372461562495
ieee33,ieee33_seed_1234,1234,71,3059,"7,10,14,27,36",142.0958063322025,2.99902994334375
ieee33,ieee33_seed_1234,1234,71,3059,"7,9,14,28,32",137.63400755669326,3.01855185178125
ieee33,ieee33_seed_1234,1234,71,3059,"7,10,14,28,32",138.26747691143908,3.0120445489687495
ieee33,ieee33_seed_1234,1234,71,3059,"7,9,14,32,37",137.3403817568125,3.3554442145312495
ieee33,ieee33_seed_1234,1234,71,3059,"7,10,14,28,36",139.15707296498272,3.0055372461562495
ieee33,ieee33_seed_1234,1234,72,3067,"7,10,14,27,36",142.0958063322025,2.99902994334375
ieee33,ieee33_seed_1234,1234,72,3067,"7,9,14,28,32",137.63400755669326,3.01855185178125
ieee33,ieee33_seed_1234,1234,72,3067,"7,10,14,28,32",138.26747691143908,3.0120445489687495
ieee33,ieee33_seed_1234,1234,72,3067,"7,9,14,32,37",137.3403817568125,3.3554442145312495
ieee33,ieee33_seed_1234,1234,72,3067,"7,10,14,28,36",139.15707296498272,3.0055372461562495
ieee33,ieee33_seed_1234,1234,73,3080,"7,10,14,27,36",142.0958063322025,2.99902994334375
ieee33,ieee33_seed_1234,1234,73,3080,"7,9,14,28,32",137.63400755669326,3.01855185178125
ieee33,ieee33_seed_1234,1234,73,3080,"7,10,14,28,32",138.26747691143908,3.0120445489687495
ieee33,ieee33_seed_1234,1234,73,3080,"7,9,14,32,37",137.3403817568125,3.3554442145312495
ieee33,ieee33_seed_1234,1234,73,3080,"7,10,14,28,36",139.15707296498272,3.0055372461562495
ieee33,ieee33_seed_1234,1234,74,3087,"7,10,14,27,36",142.0958063322025,2.99902994334375
ieee33,ieee33_seed_1234,1234,74,3087,"7,9,14,28,32",137.63400755669326,3.01855185178125
ieee33,ieee33_seed_1234,1234,74,3087,"7,10,14,28,32",138.26747691143908,3.0120445489687495
ieee33,ieee33_seed_1234,1234,74,3087,"7,9,14,32,37",137.3403817568125,3.3554442145312495
ieee33,ieee33_seed_1234,1234,74,3087,"7,10,14,28,36",139.15707296498272,3.0055372461562495
ieee33,ieee33_seed_1234,1234,75,3099,"7,10,14,27,36",142.0958063322025,2.99902994334375
ieee33,ieee33_seed_1234,1234,75,3099,"7,9,14,28,32",137.63400755669326,3.01855185178125
ieee33,ieee33_seed_1234,1234,75,3099,"7,10,14,28,32",138.26747691143908,3.0120445489687495
ieee33,ieee33_seed_1234,1234,75,3099,"7,9,14,32,37",137.3403817568125,3.3554442145312495
ieee33,ieee33_seed_1234,1234,75,3099,"7,10,14,28,36",139.15707296498272,3.0055372461562495
ieee33,ieee33_seed_1234,1234,76,3110,"7,10,14,27,36",142.0958063322025,2.99902994334375
ieee33,ieee33_seed_1234,1234,76,3110,"7,9,14,28,32",137.63400755669326,3.01855185178125
ieee33,ieee33_seed_1234,1234,76,3110,"7,10,14,28,32",138.26747691143908,3.0120445489687495
ieee33,ieee33_seed_1234,1234,76,3110,"7,9,14,32,37",137.3403817568125,3.3554442145312495
ieee33,ieee33_seed_1234,1234,76,3110,"7,10,14,28,36",139.15707296498272,3.0055372461562495
ieee33,ieee33_seed_1234,1234,77,3120,"7,10,14,27,36",142.0958063322025,2.99902994334375
ieee33,ieee33_seed_1234,1234,77,3120,"7,9,14,28,32",137.63400755669326,3.01855185178125
ieee33,ieee33_seed_1234,1234,77,3120,"7,10,14,28,32",138.26747691143908,3.0120445489687495
ieee33,ieee33_seed_1234,1234,77,3120,"7,9,14,32,37",137.3403817568125,3.3554442145312495
ieee33,ieee33_seed_1234,1234,77,3120,"7,10,14,28,36",139.15707296498272,3.0055372461562495
ieee33,ieee33_seed_1234,1234,78,3129,"7,10,14,27,36",142.0958063322025,2.99902994334375
ieee33,ieee33_seed_1234,1234,78,3129,"7,9,14,28,32",137.63400755669326,3.01855185178125
ieee33,ieee33_seed_1234,1234,78,3129,"7,10,14,28,32",138.26747691143908,3.0120445489687495
ieee33,ieee33_seed_1234,1234,78,3129,"7,9,14,32,37",137.3403817568125,3.3554442145312495
ieee33,ieee33_seed_1234,1234,78,3129,"7,10,14,28,36",139.15707296498272,3.0055372461562495
ieee33,ieee33_seed_1234,1234,79,3138,"7,10,14,27,36",142.0958063322025,2.99902994334375
ieee33,ieee33_seed_1234,1234,79,3138,"7,9,14,28,32",137.63400755669326,3.01855185178125
ieee33,ieee33_seed_1234,1234,79,3138,"7,10,14,28,32",138.26747691143908,3.0120445489687495
ieee33,ieee33_seed_1234,1234,79,3138,"7,9,14,32,37",137.3403817568125,3.3554442145312495
ieee33,ieee33_seed_1234,1234,79,3138,"7,10,14,28,36",139.15707296498272,3.0055372461562495
ieee33,ieee33_seed_1234,1234,80,3147,"7,10,14,27,36",142.0958063322025,2.99902994334375
ieee33,ieee33_seed_1234,1234,80,3147,"7,9,14,28,32",137.63400755669326,3.01855185178125
ieee33,ieee33_seed_1234,1234,80,3147,"7,10,14,28,32",138.26747691143908,3.0120445489687495
ieee33,ieee33_seed_1234,1234,80,3147,"7,9,14,32,37",137.3403817568125,3.3554442145312495
ieee33,ieee33_seed_1234,1234,80,3147,"7,10,14,28,36",139.15707296498272,3.0055372461562495
ieee33,ieee33_seed_1234,1234,81,3156,"7,10,14,27,36",142.0958063322025,2.99902994334375
ieee33,ieee33_seed_1234,1234,81,3156,"7,9,14,28,32",137.63400755669326,3.01855185178125
ieee33,ieee33_seed_1234,1234,81,3156,"7,10,14,28,32",138.26747691143908,3.0120445489687495
ieee33,ieee33_seed_1234,1234,81,3156,"7,9,14,32,37",137.3403817568125,3.3554442145312495
ieee33,ieee33_seed_1234,1234,81,3156,"7,10,14,28,36",139.15707296498272,3.0055372461562495
ieee33,ieee33_seed_1234,1234,82,3168,"7,10,14,27,36",142.0958063322025,2.99902994334375
ieee33,ieee33_seed_1234,1234,82,3168,"7,9,14,28,32",137.63400755669326,3.01855185178125
ieee33,ieee33_seed_1234,1234,82,3168,"7,10,14,28,32",138.26747691143908,3.0120445489687495
ieee33,ieee33_seed_1234,1234,82,3168,"7,9,14,32,37",137.3403817568125,3.3554442145312495
ieee33,ieee33_seed_1234,1234,82,3168,"7,10,14,28,36",139.15707296498272,3.0055372461562495
ieee33,ieee33_seed_1234,1234,83,3176,"7,10,14,27,36",142.0958063322025,2.99902994334375
ieee33,ieee33_seed_1234,1234,83,3176,"7,9,14,28,32",137.63400755669326,3.01855185178125
ieee33,ieee33_seed_1234,1234,83,3176,"7,10,14,28,32",138.26747691143908,3.0120445489687495
ieee33,ieee33_seed_1234,1234,83,3176,"7,9,14,32,37",137.3403817568125,3.3554442145312495
ieee33,ieee33_seed_1234,1234,83,3176,"7,10,14,28,36",139.15707296498272,3.0055372461562495
ieee33,ieee33_seed_1234,1234,84,3187,"7,10,14,27,36",142.0958063322025,2.99902994334375
ieee33,ieee33_seed_1234,1234,84,3187,"7,9,14,28,32",137.63400755669326,3.01855185178125
ieee33,ieee33_seed_1234,1234,84,3187,"7,10,14,28,32",138.26747691143908,3.0120445489687495
ieee33,ieee33_seed_1234,1234,84,3187,"7,9,14,32,37",137.3403817568125,3.3554442145312495
ieee33,ieee33_seed_1234,1234,84,3187,"7,10,14,28,36",139.15707296498272,3.0055372461562495
ieee33,ieee33_seed_1234,1234,85,3194,"7,10,14,27,36",142.0958063322025,2.99902994334375
ieee33,ieee33_seed_1234,1234,85,3194,"7,9,14,28,32",137.63400755669326,3.01855185178125
ieee33,ieee33_seed_1234,1234,85,3194,"7,10,14,28,32",138.26747691143908,3.0120445489687495
ieee33,ieee33_seed_1234,1234,85,3194,"7,9,14,32,37",137.3403817568125,3.3554442145312495
ieee33,ieee33_seed_1234,1234,85,3194,"7,10,14,28,36",139.15707296498272,3.0055372461562495
ieee33,ieee33_seed_1234,1234,86,3202,"7,10,14,27,36",142.0958063322025,2.99902994334375
ieee33,ieee33_seed_1234,1234,86,3202,"7,9,14,28,32",137.63400755669326,3.01855185178125
ieee33,ieee33_seed_1234,1234,86,3202,"7,10,14,28,32",138.26747691143908,3.0120445489687495
ieee33,ieee33_seed_1234,1234,86,3202,"7,9,14,32,37",137.3403817568125,3.3554442145312495
ieee33,ieee33_seed_1234,1234,86,3202,"7,10,14,28,36",139.15707296498272,3.0055372461562495
ieee33,ieee33_seed_1234,1234,87,3210,"7,10,14,27,36",142.0958063322025,2.99902994334375
ieee33,ieee33_seed_1234,1234,87,3210,"7,9,14,28,32",137.63400755669326,3.01855185178125
ieee33,ieee33_seed_1234,1234,87,3210,"7,10,14,28,32",138.26747691143908,3.0120445489687495
ieee33,ieee33_seed_1234,1234,87,3210,"7,9,14,32,37",137.3403817568125,3.3554442145312495
ieee33,ieee33_seed_1234,1234,87,3210,"7,10,14,28,36",139.15707296498272,3.0055372461562495
ieee33,ieee33_seed_1234,1234,88,3215,"7,10,14,27,36",142.0958063322025,2.99902994334375
ieee33,ieee33_seed_1234,1234,88,3215,"7,9,14,28,32",137.63400755669326,3.01855185178125
ieee33,ieee33_seed_1234,1234,88,3215,"7,10,14,28,32",138.26747691143908,3.0120445489687495
ieee33,ieee33_seed_1234,1234,88,3215,"7,9,14,32,37",137.3403817568125,3.3554442145312495
ieee33,ieee33_seed_1234,1234,88,3215,"7,10,14,28,36",139.15707296498272,3.0055372461562495
ieee33,ieee33_seed_1234,1234,89,3220,"7,10,14,27,36",142.0958063322025,2.99902994334375
ieee33,ieee33_seed_1234,1234,89,3220,"7,9,14,28,32",137.63400755669326,3.01855185178125
ieee33,ieee33_seed_1234,1234,89,3220,"7,10,14,28,32",138.26747691143908,3.0120445489687495
ieee33,ieee33_seed_1234,1234,89,3220,"7,9,14,32,37",137.3403817568125,3.3554442145312495
ieee33,ieee33_seed_1234,1234,89,3220,"7,10,14,28,36",139.15707296498272,3.0055372461562495
ieee33,ieee33_seed_1234,1234,90,3229,"7,10,14,27,36",142.0958063322025,2.99902994334375
ieee33,ieee33_seed_1234,1234,90,3229,"7,9,14,28,32",137.63400755669326,3.01855185178125
ieee33,ieee33_seed_1234,1234,90,3229,"7,10,14,28,32",138.26747691143908,3.0120445489687495
ieee33,ieee33_seed_1234,1234,90,3229,"7,9,14,32,37",137.3403817568125,3.3554442145312495
ieee33,ieee33_seed_1234,1234,90,3229,"7,10,14,28,36",139.15707296498272,3.0055372461562495
ieee33,ieee33_seed_1234,1234,91,3239,"7,10,14,27,36",142.0958063322025,2.99902994334375
ieee33,ieee33_seed_1234,1234,91,3239,"7,9,14,28,32",137.63400755669326,3.01855185178125
ieee33,ieee33_seed_1234,1234,91,3239,"7,10,14,28,32",138.26747691143908,3.0120445489687495
ieee33,ieee33_seed_1234,1234,91,3239,"7,9,14,32,37",137.3403817568125,3.3554442145312495
ieee33,ieee33_seed_1234,1234,91,3239,"7,10,14,28,36",139.15707296498272,3.0055372461562495
ieee33,ieee33_seed_1234,1234,92,3245,"7,10,14,27,36",142.0958063322025,2.99902994334375
ieee33,ieee33_seed_1234,1234,92,3245,"7,9,14,28,32",137.63400755669326,3.01855185178125
ieee33,ieee33_seed_1234,1234,92,3245,"7,10,14,28,32",138.26747691143908,3.0120445489687495
ieee33,ieee33_seed_1234,1234,92,3245,"7,9,14,32,37",137.3403817568125,3.3554442145312495
ieee33,ieee33_seed_1234,1234,92,3245,"7,10,14,28,36",139.15707296498272,3.0055372461562495
ieee33,ieee33_seed_1234,1234,93,3253,"7,10,14,27,36",142.0958063322025,2.99902994334375
ieee33,ieee33_seed_1234,1234,93,3253,"7,9,14,28,32",137.63400755669326,3.01855185178125
ieee33,ieee33_seed_1234,1234,93,3253,"7,10,14,28,32",138.26747691143908,3.0120445489687495
ieee33,ieee33_seed_1234,1234,93,3253,"7,9,14,32,37",137.3403817568125,3.3554442145312495
ieee33,ieee33_seed_1234,1234,93,3253,"7,10,14,28,36",139.15707296498272,3.0055372461562495
ieee33,ieee33_seed_1234,1234,94,3264,"7,10,14,27,36",142.0958063322025,2.99902994334375
ieee33,ieee33_seed_1234,1234,94,3264,"7,9,14,28,32",137.63400755669326,3.01855185178125
ieee33,ieee33_seed_1234,1234,94,3264,"7,10,14,28,32",138.26747691143908,3.0120445489687495
ieee33,ieee33_seed_1234,1234,94,3264,"7,9,14,32,37",137.3403817568125,3.3554442145312495
ieee33,ieee33_seed_1234,1234,94,3264,"7,10,14,28,36",139.15707296498272,3.0055372461562495
ieee33,ieee33_seed_1234,1234,95,3274,"7,10,14,27,36",142.0958063322025,2.99902994334375
ieee33,ieee33_seed_1234,1234,95,3274,"7,9,14,28,32",137.63400755669326,3.01855185178125
ieee33,ieee33_seed_1234,1234,95,3274,"7,10,14,28,32",138.26747691143908,3.0120445489687495
ieee33,ieee33_seed_1234,1234,95,3274,"7,9,14,32,37",137.3403817568125,3.3554442145312495
ieee33,ieee33_seed_1234,1234,95,3274,"7,10,14,28,36",139.15707296498272,3.0055372461562495
ieee33,ieee33_seed_1234,1234,96,3279,"7,10,14,27,36",142.0958063322025,2.99902994334375
ieee33,ieee33_seed_1234,1234,96,3279,"7,9,14,28,32",137.63400755669326,3.01855185178125
ieee33,ieee33_seed_1234,1234,96,3279,"7,10,14,28,32",138.26747691143908,3.0120445489687495
ieee33,ieee33_seed_1234,1234,96,3279,"7,9,14,32,37",137.3403817568125,3.3554442145312495
ieee33,ieee33_seed_1234,1234,96,3279,"7,10,14,28,36",139.15707296498272,3.0055372461562495
ieee33,ieee33_seed_1234,1234,97,3291,"7,10,14,27,36",142.0958063322025,2.99902994334375
ieee33,ieee33_seed_1234,1234,97,3291,"7,9,14,28,32",137.63400755669326,3.01855185178125
ieee33,ieee33_seed_1234,1234,97,3291,"7,10,14,28,32",138.26747691143908,3.0120445489687495
ieee33,ieee33_seed_1234,1234,97,3291,"7,9,14,32,37",137.3403817568125,3.3554442145312495
ieee33,ieee33_seed_1234,1234,97,3291,"7,10,14,28,36",139.15707296498272,3.0055372461562495
ieee33,ieee33_seed_1234,1234,98,3299,"7,10,14,27,36",142.0958063322025,2.99902994334375
ieee33,ieee33_seed_1234,1234,98,3299,"7,9,14,28,32",137.63400755669326,3.01855185178125
ieee33,ieee33_seed_1234,1234,98,3299,"7,10,14,28,32",138.26747691143908,3.0120445489687495
ieee33,ieee33_seed_1234,1234,98,3299,"7,9,14,32,37",137.3403817568125,3.3554442145312495
ieee33,ieee33_seed_1234,1234,98,3299,"7,10,14,28,36",139.15707296498272,3.0055372461562495
ieee33,ieee33_seed_1234,1234,99,3309,"7,10,14,27,36",142.0958063322025,2.99902994334375
ieee33,ieee33_seed_1234,1234,99,3309,"7,9,14,28,32",137.63400755669326,3.01855185178125
ieee33,ieee33_seed_1234,1234,99,3309,"7,10,14,28,32",138.26747691143908,3.0120445489687495
ieee33,ieee33_seed_1234,1234,99,3309,"7,9,14,32,37",137.3403817568125,3.3554442145312495
ieee33,ieee33_seed_1234,1234,99,3309,"7,10,14,28,36",139.15707296498272,3.0055372461562495
ieee33,ieee33_seed_1234,1234,100,3315,"7,10,14,27,36",142.0958063322025,2.99902994334375
ieee33,ieee33_seed_1234,1234,100,3315,"7,9,14,28,32",137.63400755669326,3.01855185178125
ieee33,ieee33_seed_1234,1234,100,3315,"7,10,14,28,32",138.26747691143908,3.0120445489687495
ieee33,ieee33_seed_1234,1234,100,3315,"7,9,14,32,37",137.3403817568125,3.3554442145312495
ieee33,ieee33_seed_1234,1234,100,3315,"7,10,14,28,36",139.15707296498272,3.0055372461562495
