case,run_id,seed,generation,elapsed_time_s,unique_evaluations_generation,unique_evaluations_cumulative,cache_hits_generation,cache_hits_cumulative,population_size,feasible_population_size,nondominated_size,archive_nondominated_size,best_loss,best_saidi
ieee33,ieee33_seed_24680,24680,1,1.9118166000116616,200,200,0,0,100,100,2,2,143.62896192188538,3.0742357715624995
ieee33,ieee33_seed_24680,24680,2,2.795332600013353,99,299,100,100,100,100,3,3,143.62896192188538,3.038073760218749
ieee33,ieee33_seed_24680,24680,3,3.5685542999999598,97,396,100,200,100,100,5,5,141.57613942541096,3.038073760218749
ieee33,ieee33_seed_24680,24680,4,4.274720899993554,93,489,100,300,100,100,5,5,141.57613942541096,3.00553724615625
ieee33,ieee33_seed_24680,24680,5,4.98919650001335,93,582,100,400,100,100,4,4,140.87706676304427,3.00553724615625
ieee33,ieee33_seed_24680,24680,6,5.7197121999925,94,676,100,500,100,100,4,4,140.87706676304427,3.00553724615625
ieee33,ieee33_seed_24680,24680,7,6.373679699987406,85,761,100,600,100,100,3,3,140.87706676304427,3.00553724615625
ieee33,ieee33_seed_24680,24680,8,7.035711100004846,86,847,100,700,100,100,2,2,140.87706676304427,3.0026554406249994
ieee33,ieee33_seed_24680,24680,9,7.674789399985457,83,930,100,800,100,100,2,2,140.87706676304427,3.0026554406249994
ieee33,ieee33_seed_24680,24680,10,8.204196200007573,68,998,100,900,100,100,2,2,140.87706676304427,3.0026554406249994
ieee33,ieee33_seed_24680,24680,11,8.852835800003959,83,1081,100,1000,100,100,3,3,140.87706676304427,3.0026554406249994
ieee33,ieee33_seed_24680,24680,12,9.480577500013169,80,1161,100,1100,100,100,4,4,140.87706676304427,2.99902994334375
ieee33,ieee33_seed_24680,24680,13,10.121583800006192,81,1242,100,1200,100,100,3,3,140.54837456437653,2.99902994334375
ieee33,ieee33_seed_24680,24680,14,10.691544500004966,73,1315,100,1300,100,100,2,2,139.15707296498272,2.99902994334375
ieee33,ieee33_seed_24680,24680,15,11.184482499986188,62,1377,100,1400,100,100,2,2,139.15707296498272,2.99902994334375
ieee33,ieee33_seed_24680,24680,16,11.749553600006038,72,1449,100,1500,100,100,2,2,139.15707296498272,2.99902994334375
ieee33,ieee33_seed_24680,24680,17,12.306382200011285,70,1519,100,1600,100,100,3,3,138.26747691143908,2.99902994334375
ieee33,ieee33_seed_24680,24680,18,12.83742580001126,67,1586,100,1700,100,100,3,3,138.26747691143908,2.99902994334375
ieee33,ieee33_seed_24680,24680,19,13.363117500004591,64,1650,100,1800,100,100,4,4,137.3403817568125,2.99902994334375
ieee33,ieee33_seed_24680,24680,20,13.882881800003815,64,1714,100,1900,100,100,5,5,137.3403817568125,2.99902994334375
ieee33,ieee33_seed_24680,24680,21,14.395873100002063,64,1778,100,2000,100,100,5,5,137.3403817568125,2.99902994334375
ieee33,ieee33_seed_24680,24680,22,14.786901499988744,47,1825,100,2100,100,100,5,5,137.3403817568125,2.99902994334375
ieee33,ieee33_seed_24680,24680,23,15.235180899995612,55,1880,100,2200,100,100,5,5,137.3403817568125,2.99902994334375
ieee33,ieee33_seed_24680,24680,24,15.585143800009973,40,1920,100,2300,100,100,5,5,137.3403817568125,2.99902994334375
ieee33,ieee33_seed_24680,24680,25,16.118071500008227,65,1985,100,2400,100,100,5,5,137.3403817568125,2.99902994334375
ieee33,ieee33_seed_24680,24680,26,16.593349500006298,58,2043,100,2500,100,100,5,5,137.3403817568125,2.99902994334375
ieee33,ieee33_seed_24680,24680,27,17.010931800003164,50,2093,100,2600,100,100,5,5,137.3403817568125,2.99902994334375
ieee33,ieee33_seed_24680,24680,28,17.426061600010144,48,2141,100,2700,100,100,5,5,137.3403817568125,2.99902994334375
ieee33,ieee33_seed_24680,24680,29,17.792740100005176,41,2182,100,2800,100,100,5,5,137.3403817568125,2.99902994334375
ieee33,ieee33_seed_24680,24680,30,18.200404100003652,49,2231,100,2900,100,100,5,5,137.3403817568125,2.99902994334375
ieee33,ieee33_seed_24680,24680,31,18.550716500001727,36,2267,100,3000,100,100,5,5,137.3403817568125,2.99902994334375
ieee33,ieee33_seed_24680,24680,32,18.928282400011085,43,2310,100,3100,100,100,5,5,137.3403817568125,2.99902994334375
ieee33,ieee33_seed_24680,24680,33,19.259232100012014,38,2348,100,3200,100,100,5,5,137.3403817568125,2.99902994334375
ieee33,ieee33_seed_24680,24680,34,19.566602700011572,33,2381,100,3300,100,100,5,5,137.3403817568125,2.99902994334375
ieee33,ieee33_seed_24680,24680,35,19.87706570001319,33,2414,100,3400,100,100,5,5,137.3403817568125,2.99902994334375
ieee33,ieee33_seed_24680,24680,36,20.18348499998683,34,2448,100,3500,100,100,5,5,137.3403817568125,2.99902994334375
ieee33,ieee33_seed_24680,24680,37,20.519548300013412,36,2484,100,3600,100,100,5,5,137.3403817568125,2.99902994334375
ieee33,ieee33_seed_24680,24680,38,20.840193599986378,35,2519,100,3700,100,100,5,5,137.3403817568125,2.99902994334375
ieee33,ieee33_seed_24680,24680,39,21.103845700010424,28,2547,100,3800,100,100,5,5,137.3403817568125,2.99902994334375
ieee33,ieee33_seed_24680,24680,40,21.37655730001279,29,2576,100,3900,100,100,5,5,137.3403817568125,2.99902994334375
ieee33,ieee33_seed_24680,24680,41,21.740396999986842,36,2612,100,4000,100,100,5,5,137.3403817568125,2.99902994334375
ieee33,ieee33_seed_24680,24680,42,22.09153360000346,40,2652,100,4100,100,100,5,5,137.3403817568125,2.99902994334375
ieee33,ieee33_seed_24680,24680,43,22.435237600002438,38,2690,100,4200,100,100,5,5,137.3403817568125,2.99902994334375
ieee33,ieee33_seed_24680,24680,44,22.700307399994927,27,2717,100,4300,100,100,5,5,137.3403817568125,2.99902994334375
ieee33,ieee33_seed_24680,24680,45,23.001299900002778,33,2750,100,4400,100,100,5,5,137.3403817568125,2.99902994334375
ieee33,ieee33_seed_24680,24680,46,23.284785499999998,30,2780,100,4500,100,100,5,5,137.3403817568125,2.99902994334375
ieee33,ieee33_seed_24680,24680,47,23.535258999996586,25,2805,100,4600,100,100,5,5,137.3403817568125,2.99902994334375
ieee33,ieee33_seed_24680,24680,48,23.778699299989967,24,2829,100,4700,100,100,5,5,137.3403817568125,2.99902994334375
ieee33,ieee33_seed_24680,24680,49,23.990175399987493,20,2849,100,4800,100,100,5,5,137.3403817568125,2.99902994334375
ieee33,ieee33_seed_24680,24680,50,24.237444900005357,25,2874,100,4900,100,100,5,5,137.3403817568125,2.99902994334375
ieee33,ieee33_seed_24680,24680,51,24.496778800006723,27,2901,100,5000,100,100,5,5,137.3403817568125,2.99902994334375
ieee33,ieee33_seed_24680,24680,52,24.656935200007865,12,2913,100,5100,100,100,5,5,137.3403817568125,2.99902994334375
ieee33,ieee33_seed_24680,24680,53,24.886141199996928,22,2935,100,5200,100,100,5,5,137.3403817568125,2.99902994334375
ieee33,ieee33_seed_24680,24680,54,25.07334410000476,17,2952,100,5300,100,100,5,5,137.3403817568125,2.99902994334375
ieee33,ieee33_seed_24680,24680,55,25.25152329998673,14,2966,100,5400,100,100,5,5,137.3403817568125,2.99902994334375
ieee33,ieee33_seed_24680,24680,56,25.455606200004695,19,2985,100,5500,100,100,5,5,137.3403817568125,2.99902994334375
ieee33,ieee33_seed_24680,24680,57,25.68743409999297,22,3007,100,5600,100,100,5,5,137.3403817568125,2.99902994334375
ieee33,ieee33_seed_24680,24680,58,25.863988500001142,15,3022,100,5700,100,100,5,5,137.3403817568125,2.99902994334375
ieee33,ieee33_seed_24680,24680,59,26.0473181999987,16,3038,100,5800,100,100,5,5,137.3403817568125,2.99902994334375
ieee33,ieee33_seed_24680,24680,60,26.147806900000433,5,3043,100,5900,100,100,5,5,137.3403817568125,2.99902994334375
ieee33,ieee33_seed_24680,24680,61,26.331058100011433,16,3059,100,6000,100,100,5,5,137.3403817568125,2.99902994334375
ieee33,ieee33_seed_24680,24680,62,26.538431599998148,19,3078,100,6100,100,100,5,5,137.3403817568125,2.99902994334375
ieee33,ieee33_seed_24680,24680,63,26.722724699997343,16,3094,100,6200,100,100,5,5,137.3403817568125,2.99902994334375
ieee33,ieee33_seed_24680,24680,64,26.872305400000187,11,3105,100,6300,100,100,5,5,137.3403817568125,2.99902994334375
ieee33,ieee33_seed_24680,24680,65,27.077173099998618,18,3123,100,6400,100,100,5,5,137.3403817568125,2.99902994334375
ieee33,ieee33_seed_24680,24680,66,27.23267319999286,12,3135,100,6500,100,100,5,5,137.3403817568125,2.99902994334375
ieee33,ieee33_seed_24680,24680,67,27.42454209999414,17,3152,100,6600,100,100,5,5,137.3403817568125,2.99902994334375
ieee33,ieee33_seed_24680,24680,68,27.63864319998538,20,3172,100,6700,100,100,5,5,137.3403817568125,2.99902994334375
ieee33,ieee33_seed_24680,24680,69,27.799691399995936,12,3184,100,6800,100,100,5,5,137.3403817568125,2.99902994334375
ieee33,ieee33_seed_24680,24680,70,27.97440090001328,13,3197,100,6900,100,100,5,5,137.3403817568125,2.99902994334375
ieee33,ieee33_seed_24680,24680,71,28.135500600008527,13,3210,100,7000,100,100,5,5,137.3403817568125,2.99902994334375
ieee33,ieee33_seed_24680,24680,72,28.32031609999831,16,3226,100,7100,100,100,5,5,137.3403817568125,2.99902994334375
ieee33,ieee33_seed_24680,24680,73,28.449885799986077,8,3234,100,7200,100,100,5,5,137.3403817568125,2.99902994334375
ieee33,ieee33_seed_24680,24680,74,28.59212749998551,10,3244,100,7300,100,100,5,5,137.3403817568125,2.99902994334375
ieee33,ieee33_seed_24680,24680,75,28.78294609999284,16,3260,100,7400,100,100,5,5,137.3403817568125,2.99902994334375
ieee33,ieee33_seed_24680,24680,76,28.94089649998932,12,3272,100,7500,100,100,5,5,137.3403817568125,2.99902994334375
ieee33,ieee33_seed_24680,24680,77,29.068181999988155,7,3279,100,7600,100,100,5,5,137.3403817568125,2.99902994334375
ieee33,ieee33_seed_24680,24680,78,29.188846200006083,7,3286,100,7700,100,100,5,5,137.3403817568125,2.99902994334375
ieee33,ieee33_seed_24680,24680,79,29.32445210000151,9,3295,100,7800,100,100,5,5,137.3403817568125,2.99902994334375
ieee33,ieee33_seed_24680,24680,80,29.46789080000599,10,3305,100,7900,100,100,5,5,137.3403817568125,2.99902994334375
ieee33,ieee33_seed_24680,24680,81,29.588465000008,7,3312,100,8000,100,100,5,5,137.3403817568125,2.99902994334375
ieee33,ieee33_seed_24680,24680,82,29.709063399990555,7,3319,100,8100,100,100,5,5,137.3403817568125,2.99902994334375
ieee33,ieee33_seed_24680,24680,83,29.858207299985224,10,3329,100,8200,100,100,5,5,137.3403817568125,2.99902994334375
ieee33,ieee33_seed_24680,24680,84,30.018893300002674,11,3340,100,8300,100,100,5,5,137.3403817568125,2.99902994334375
ieee33,ieee33_seed_24680,24680,85,30.15151570001035,8,3348,100,8400,100,100,5,5,137.3403817568125,2.99902994334375
ieee33,ieee33_seed_24680,24680,86,30.307168600003934,12,3360,100,8500,100,100,5,5,137.3403817568125,2.99902994334375
ieee33,ieee33_seed_24680,24680,87,30.412318999995477,5,3365,100,8600,100,100,5,5,137.3403817568125,2.99902994334375
ieee33,ieee33_seed_24680,24680,88,30.55341399999452,9,3374,100,8700,100,100,5,5,137.3403817568125,2.99902994334375
ieee33,ieee33_seed_24680,24680,89,30.706660299998475,11,3385,100,8800,100,100,5,5,137.3403817568125,2.99902994334375
ieee33,ieee33_seed_24680,24680,90,30.827715499995975,7,3392,100,8900,100,100,5,5,137.3403817568125,2.99902994334375
ieee33,ieee33_seed_24680,24680,91,30.98640669998713,12,3404,100,9000,100,100,5,5,137.3403817568125,2.99902994334375
ieee33,ieee33_seed_24680,24680,92,31.105131999996956,7,3411,100,9100,100,100,5,5,137.3403817568125,2.99902994334375
ieee33,ieee33_seed_24680,24680,93,31.263429000013275,12,3423,100,9200,100,100,5,5,137.3403817568125,2.99902994334375
ieee33,ieee33_seed_24680,24680,94,31.389616400003433,7,3430,100,9300,100,100,5,5,137.3403817568125,2.99902994334375
ieee33,ieee33_seed_24680,24680,95,31.518978400010383,8,3438,100,9400,100,100,5,5,137.3403817568125,2.99902994334375
ieee33,ieee33_seed_24680,24680,96,31.664829199988162,10,3448,100,9500,100,100,5,5,137.3403817568125,2.99902994334375
ieee33,ieee33_seed_24680,24680,97,31.790779700007988,7,3455,100,9600,100,100,5,5,137.3403817568125,2.99902994334375
ieee33,ieee33_seed_24680,24680,98,31.893464499997208,4,3459,100,9700,100,100,5,5,137.3403817568125,2.99902994334375
ieee33,ieee33_seed_24680,24680,99,32.00066469999729,5,3464,100,9800,100,100,5,5,137.3403817568125,2.99902994334375
ieee33,ieee33_seed_24680,24680,100,32.134477799991146,7,3471,100,9900,100,100,5,5,137.3403817568125,2.99902994334375
