metric,mean,standard_deviation,median,q1,q3,iqr,minimum,maximum
hypervolume,1.0153445202052598,2.278129578503827e-16,1.0153445202052596,1.0153445202052596,1.0153445202052596,0.0,1.0153445202052596,1.0153445202052596
igd,0.0,0.0,0.0,0.0,0.0,0.0,0.0,0.0
spacing,0.38113875890309296,5.695323946259567e-17,0.3811387589030929,0.3811387589030929,0.3811387589030929,0.0,0.3811387589030929,0.3811387589030929
runtime_s,31.608238150000005,2.521534750821481,31.118043999999998,29.995572250000002,33.2153505,3.2197782499999974,27.244871,36.842325
unique_evaluations,3351.45,100.18849340381517,3345.0,3272.5,3426.75,154.25,3120.0,3519.0
final_pareto_size,5.0,0.0,5.0,5.0,5.0,0.0,5.0,5.0
recovery_rate_evaluated,1.0,NOT_AVAILABLE,NOT_AVAILABLE,NOT_AVAILABLE,NOT_AVAILABLE,NOT_AVAILABLE,NOT_AVAILABLE,NOT_AVAILABLE
recovery_rate_pareto,1.0,NOT_AVAILABLE,NOT_AVAILABLE,NOT_AVAILABLE,NOT_AVAILABLE,NOT_AVAILABLE,NOT_AVAILABLE,NOT_AVAILABLE
recovery_rate_min_loss,1.0,NOT_AVAILABLE,NOT_AVAILABLE,NOT_AVAILABLE,NOT_AVAILABLE,NOT_AVAILABLE,NOT_AVAILABLE,NOT_AVAILABLE
